Date,pnl_gross
2021-04-01,0.0
2021-04-02,0.0
2021-04-03,0.0
2021-04-04,0.0
2021-04-05,0.0
2021-04-06,0.0
2021-04-07,0.0
2021-04-08,0.0
2021-04-09,0.0
2021-04-10,0.0
2021-04-11,0.0
2021-04-12,0.0
2021-04-13,0.0
2021-04-14,0.0
2021-04-15,0.0
2021-04-16,0.0
2021-04-17,0.0
2021-04-18,0.0
2021-04-19,0.0
2021-04-20,0.0
2021-04-21,0.0
2021-04-22,0.0
2021-04-23,0.0
2021-04-24,0.0
2021-04-25,0.0
2021-04-26,0.0
2021-04-27,0.0
2021-04-28,0.0
2021-04-29,0.0
2021-04-30,0.0
2021-05-01,0.0
2021-05-02,0.0
2021-05-03,0.0
2021-05-04,0.0
2021-05-05,0.0
2021-05-06,0.0
2021-05-07,0.0
2021-05-08,0.0
2021-05-09,0.0
2021-05-10,0.0
2021-05-11,0.0
2021-05-12,0.0
2021-05-13,0.0
2021-05-14,0.0
2021-05-15,0.0
2021-05-16,0.0
2021-05-17,0.0
2021-05-18,0.0
2021-05-19,0.0
2021-05-20,0.0
2021-05-21,0.0
2021-05-22,0.0
2021-05-23,0.0
2021-05-24,0.0
2021-05-25,0.0
2021-05-26,0.0
2021-05-27,0.0
2021-05-28,0.0
2021-05-29,0.0
2021-05-30,0.0
2021-05-31,-471.50343613092
2021-06-01,-154.3996026504102
2021-06-02,-425.9118450378696
2021-06-03,65.55074492534897
2021-06-04,254.632642925392
2021-06-05,0.0
2021-06-06,0.0
2021-06-07,-1276.4978520476532
2021-06-08,1428.616609798563
2021-06-09,1738.8670202747235
2021-06-10,1065.9045435690518
2021-06-11,-2419.197482817726
2021-06-12,0.0
2021-06-13,0.0
2021-06-14,-2955.823887291102
2021-06-15,892.5672926326113
2021-06-16,-311.30108025388296
2021-06-17,-5277.527602191314
2021-06-18,286.2941769687111
2021-06-19,0.0
2021-06-20,0.0
2021-06-21,1914.8060624240013
2021-06-22,-1672.1317028946992
2021-06-23,1610.8135008552304
2021-06-24,-4119.602788099796
2021-06-25,5427.627121716104
2021-06-26,0.0
2021-06-27,0.0
2021-06-28,943.3372902144188
2021-06-29,-1288.6929622564437
2021-06-30,-2235.701759574822
2021-07-01,1167.608627973018
2021-07-02,1857.993310699666
2021-07-03,0.0
2021-07-04,0.0
2021-07-05,1857.5293865589201
2021-07-06,4113.80373665371
2021-07-07,237.03300618493466
2021-07-08,-1581.887981593983
2021-07-09,479.51601959525186
2021-07-10,0.0
2021-07-11,0.0
2021-07-12,1764.8645833705646
2021-07-13,1701.6225804282149
2021-07-14,-2614.4546267846454
2021-07-15,-639.7002520106819
2021-07-16,3205.0238511908206
2021-07-17,0.0
2021-07-18,0.0
2021-07-19,12.303490133831517
2021-07-20,-2131.7533508601464
2021-07-21,0.0
2021-07-22,-1824.0864285999492
2021-07-23,1781.5204200267078
2021-07-24,0.0
2021-07-25,0.0
2021-07-26,-2372.972688447217
2021-07-27,-362.12233424778975
2021-07-28,-492.41511176226334
2021-07-29,303.45642840313485
2021-07-30,-646.9080737378864
2021-07-31,0.0
2021-08-01,0.0
2021-08-02,-53.1138618328496
2021-08-03,-361.4785423455968
2021-08-04,1697.3997521319495
2021-08-05,1403.6806204674199
2021-08-06,-1176.7945398071
2021-08-07,0.0
2021-08-08,0.0
2021-08-09,-780.4490948510968
2021-08-10,-1877.829099322619
2021-08-11,1010.3276185866306
2021-08-12,-1751.0723459994401
2021-08-13,-187.77809627090303
2021-08-14,0.0
2021-08-15,0.0
2021-08-16,1003.7002958661745
2021-08-17,-5991.713655948031
2021-08-18,299.34312880521617
2021-08-19,0.0
2021-08-20,-792.3446019624159
2021-08-21,0.0
2021-08-22,0.0
2021-08-23,-3680.1758688348054
2021-08-24,5842.3609202404905
2021-08-25,-4388.463459097329
2021-08-26,-2632.8245898113514
2021-08-27,916.2438094321825
2021-08-28,0.0
2021-08-29,0.0
2021-08-30,6882.505277883161
2021-08-31,34.37786636171654
2021-09-01,3893.283565048409
2021-09-02,-5130.361534247185
2021-09-03,-2081.5351383170077
2021-09-04,0.0
2021-09-05,0.0
2021-09-06,-889.7604977590603
2021-09-07,1773.0308403151844
2021-09-08,1789.7882967631706
2021-09-09,750.568387724313
2021-09-10,0.0
2021-09-11,0.0
2021-09-12,0.0
2021-09-13,-991.4656881634755
2021-09-14,-871.616501572625
2021-09-15,201.30138119561542
2021-09-16,6662.957807721457
2021-09-17,3158.4094814349937
2021-09-18,0.0
2021-09-19,0.0
2021-09-20,-1905.060870695574
2021-09-21,349.19714887601936
2021-09-22,-1278.8734100011357
2021-09-23,2830.8224771572595
2021-09-24,-1124.7540480942275
2021-09-25,0.0
2021-09-26,0.0
2021-09-27,724.2249889365303
2021-09-28,-336.0102859172208
2021-09-29,2164.837347309467
2021-09-30,-991.1203825194993
2021-10-01,-654.7632002880821
2021-10-02,0.0
2021-10-03,0.0
2021-10-04,-188.16044998357648
2021-10-05,-2824.6174471742365
2021-10-06,887.9504230643184
2021-10-07,427.5431415643416
2021-10-08,-4468.561995837028
2021-10-09,0.0
2021-10-10,0.0
2021-10-11,1945.9552419427187
2021-10-12,-679.7204989871152
2021-10-13,-144.01354244002465
2021-10-14,1748.0962134402114
2021-10-15,0.0
2021-10-16,0.0
2021-10-17,0.0
2021-10-18,3361.80807629787
2021-10-19,-2409.1995658584306
2021-10-20,2097.5414922362256
2021-10-21,2735.846533060131
2021-10-22,-1259.1661721293804
2021-10-23,0.0
2021-10-24,0.0
2021-10-25,-2007.063088743797
2021-10-26,-1881.0211893162495
2021-10-27,2286.999546978179
2021-10-28,1062.5811441990309
2021-10-29,1359.8550412796985
2021-10-30,0.0
2021-10-31,0.0
2021-11-01,1359.5942860373623
2021-11-02,52.47048838820767
2021-11-03,351.15022849695697
2021-11-04,23.296390744782485
2021-11-05,0.0
2021-11-06,0.0
2021-11-07,0.0
2021-11-08,-80.30498575386056
2021-11-09,-1119.4920388301543
2021-11-10,-1513.0529339747034
2021-11-11,2435.923461514653
2021-11-12,-538.8846184575425
2021-11-13,0.0
2021-11-14,0.0
2021-11-15,2262.96689986077
2021-11-16,477.23107868468117
2021-11-17,-1374.7391351941012
2021-11-18,636.6380157677211
2021-11-19,0.0
2021-11-20,0.0
2021-11-21,0.0
2021-11-22,-924.1321037409047
2021-11-23,463.23795092055855
2021-11-24,141.45914305772942
2021-11-25,6839.441812897769
2021-11-26,4750.008616565132
2021-11-27,0.0
2021-11-28,0.0
2021-11-29,3464.774987460686
2021-11-30,100.2067264928242
2021-12-01,1669.928078723375
2021-12-02,-504.91460029246315
2021-12-03,-932.6881302877176
2021-12-04,0.0
2021-12-05,0.0
2021-12-06,242.5655912342828
2021-12-07,7.741726806322916
2021-12-08,-430.33547551190486
2021-12-09,-151.16246334044612
2021-12-10,482.37966001650767
2021-12-11,0.0
2021-12-12,0.0
2021-12-13,-1231.0072310731957
2021-12-14,-3069.6933929792776
2021-12-15,-275.48240085593744
2021-12-16,-1063.1236651940526
2021-12-17,-7087.411116109503
2021-12-18,0.0
2021-12-19,0.0
2021-12-20,-4789.391752074072
2021-12-21,-921.8356594796817
2021-12-22,1406.7437431914568
2021-12-23,-1544.458788859435
2021-12-24,-1171.9263890924792
2021-12-25,0.0
2021-12-26,0.0
2021-12-27,293.1563627081334
2021-12-28,-305.8326860552651
2021-12-29,-1407.5028664461288
2021-12-30,-1485.7686905542905
2021-12-31,3137.3307076179735
2022-01-01,0.0
2022-01-02,0.0
2022-01-03,2017.5389998121582
2022-01-04,946.1109444528533
2022-01-05,6110.549857216266
2022-01-06,624.8569989694919
2022-01-07,-1289.5701658571147
2022-01-08,0.0
2022-01-09,0.0
2022-01-10,1074.458412507877
2022-01-11,-644.4706530953083
2022-01-12,3692.697060807614
2022-01-13,-1668.9886593392835
2022-01-14,-2927.4351486783967
2022-01-15,0.0
2022-01-16,0.0
2022-01-17,-2202.9240334460546
2022-01-18,-198.05819354532292
2022-01-19,4860.681183593331
2022-01-20,5282.6694055218495
2022-01-21,-182.06613483589427
2022-01-22,0.0
2022-01-23,0.0
2022-01-24,355.16222005642175
2022-01-25,3112.5253541379384
2022-01-26,0.0
2022-01-27,4480.908234970274
2022-01-28,-628.5829534615141
2022-01-29,0.0
2022-01-30,0.0
2022-01-31,1360.914805885618
2022-02-01,-3365.3924580208013
2022-02-02,261.8697492605416
2022-02-03,-735.0699393742178
2022-02-04,678.3781735585715
2022-02-05,0.0
2022-02-06,0.0
2022-02-07,-205.0514726167637
2022-02-08,3734.690461524503
2022-02-09,1631.581173881982
2022-02-10,1353.5251437761199
2022-02-11,2762.2762759935267
2022-02-12,0.0
2022-02-13,0.0
2022-02-14,-3053.14480757281
2022-02-15,1501.5799693099516
2022-02-16,607.1435778002397
2022-02-17,2674.030316765346
2022-02-18,-1638.3855814901603
2022-02-19,0.0
2022-02-20,0.0
2022-02-21,3609.5773619390607
2022-02-22,5634.775041561497
2022-02-23,512.110315816392
2022-02-24,-261.13794724812897
2022-02-25,-1652.852937607001
2022-02-26,0.0
2022-02-27,0.0
2022-02-28,1321.8174582754164
2022-03-01,0.0
2022-03-02,5145.8707216333
2022-03-03,511.55263436480476
2022-03-04,-374.5667748232751
2022-03-05,0.0
2022-03-06,0.0
2022-03-07,1989.7237590311895
2022-03-08,2632.172632274108
2022-03-09,1712.6853061599422
2022-03-10,109.55934211224422
2022-03-11,226.6875818048631
2022-03-12,0.0
2022-03-13,0.0
2022-03-14,-2009.9923523578366
2022-03-15,4971.863712535367
2022-03-16,-2199.9610063579976
2022-03-17,6057.815533687379
2022-03-18,0.0
2022-03-19,0.0
2022-03-20,0.0
2022-03-21,-3417.4624940557205
2022-03-22,-2759.458579341354
2022-03-23,-722.7043424995871
2022-03-24,-4554.991360808389
2022-03-25,120.01049778368682
2022-03-26,0.0
2022-03-27,0.0
2022-03-28,1790.7045602647222
2022-03-29,593.2661076724409
2022-03-30,-2005.574818008249
2022-03-31,1487.6224258407242
2022-04-01,3772.3013483463383
2022-04-02,0.0
2022-04-03,0.0
2022-04-04,8548.868707660346
2022-04-05,2789.5649671145243
2022-04-06,4650.989834373153
2022-04-07,3587.051880015928
2022-04-08,680.8384385761235
2022-04-09,0.0
2022-04-10,0.0
2022-04-11,1554.6372162169878
2022-04-12,2177.2704053387206
2022-04-13,786.8735162842122
2022-04-14,0.0
2022-04-15,0.0
2022-04-16,0.0
2022-04-17,0.0
2022-04-18,-843.1469088625777
2022-04-19,-9763.421896367408
2022-04-20,-773.6791946522574
2022-04-21,748.8840380666664
2022-04-22,-464.11272633848597
2022-04-23,0.0
2022-04-24,0.0
2022-04-25,323.6046003805892
2022-04-26,-3748.3426531854093
2022-04-27,-1707.312023377867
2022-04-28,414.1393574423023
2022-04-29,367.87911683022315
2022-04-30,0.0
2022-05-01,0.0
2022-05-02,-1571.181954353211
2022-05-03,0.0
2022-05-04,4914.478655652314
2022-05-05,9708.110675498456
2022-05-06,-5192.233922671959
2022-05-07,0.0
2022-05-08,0.0
2022-05-09,11100.342741768716
2022-05-10,1424.8566023001517
2022-05-11,-1990.4270834990355
2022-05-12,4145.918786263369
2022-05-13,1565.002673835072
2022-05-14,0.0
2022-05-15,0.0
2022-05-16,-3977.434561164905
2022-05-17,-3867.396543680299
2022-05-18,-197.0919394789261
2022-05-19,-9821.76542160915
2022-05-20,-5787.053539619945
2022-05-21,0.0
2022-05-22,0.0
2022-05-23,4140.282299356204
2022-05-24,-3376.991739915383
2022-05-25,-8119.531932817625
2022-05-26,2455.2356455144086
2022-05-27,3750.309314687248
2022-05-28,0.0
2022-05-29,0.0
2022-05-30,4360.339517001344
2022-05-31,492.87471131791716
2022-06-01,-2209.8592075632055
2022-06-02,1293.3161643989815
2022-06-03,-610.2840257645674
2022-06-04,0.0
2022-06-05,0.0
2022-06-06,339.0080321085964
2022-06-07,-5066.238154761564
2022-06-08,4610.69147299221
2022-06-09,-3800.7101413551127
2022-06-10,2371.9030765182674
2022-06-11,0.0
2022-06-12,0.0
2022-06-13,-3105.631244996498
2022-06-14,2454.4710747413437
2022-06-15,1695.448682412089
2022-06-16,183.7027253366851
2022-06-17,-7093.458819558947
2022-06-18,0.0
2022-06-19,0.0
2022-06-20,7687.798391697555
2022-06-21,2273.7956035079246
2022-06-22,6067.720249615674
2022-06-23,7874.485440561849
2022-06-24,-4495.131154927
2022-06-25,0.0
2022-06-26,0.0
2022-06-27,3262.825033416191
2022-06-28,-2761.0611381107515
2022-06-29,-5531.489516757192
2022-06-30,-2241.333745940422
2022-07-01,12875.581101505697
2022-07-02,0.0
2022-07-03,0.0
2022-07-04,-5295.380399689176
2022-07-05,-866.5830783627572
2022-07-06,626.8843600438867
2022-07-07,-721.0259977178168
2022-07-08,-2053.487753204415
2022-07-09,0.0
2022-07-10,0.0
2022-07-11,-8258.599963338222
2022-07-12,-1303.3585013068373
2022-07-13,-218.0347653619762
2022-07-14,-491.19585227004313
2022-07-15,-1865.543872562454
2022-07-16,0.0
2022-07-17,0.0
2022-07-18,3389.1905914929052
2022-07-19,-1429.524586987232
2022-07-20,6467.973636705481
2022-07-21,-1944.3213370724388
2022-07-22,-3289.716941393184
2022-07-23,0.0
2022-07-24,0.0
2022-07-25,-3757.914663662264
2022-07-26,-5745.972605355483
2022-07-27,723.831453312953
2022-07-28,5844.874529988806
2022-07-29,4430.549263674113
2022-07-30,0.0
2022-07-31,0.0
2022-08-01,-759.8963059017552
2022-08-02,-1324.9338168909167
2022-08-03,3429.108655800495
2022-08-04,3242.417757195068
2022-08-05,-2133.567934021732
2022-08-06,0.0
2022-08-07,0.0
2022-08-08,-182.44403888557855
2022-08-09,0.0
2022-08-10,-2375.0824553304255
2022-08-11,3005.749342876141
2022-08-12,-2569.279661945867
2022-08-13,0.0
2022-08-14,0.0
2022-08-15,0.0
2022-08-16,-1837.3986365482417
2022-08-17,-803.0599464346853
2022-08-18,-4147.686112077457
2022-08-19,2665.2641940170406
2022-08-20,0.0
2022-08-21,0.0
2022-08-22,3370.603020614165
2022-08-23,-7689.604477165001
2022-08-24,-3350.6520637172407
2022-08-25,-2845.9505391177345
2022-08-26,669.5546783253903
2022-08-27,0.0
2022-08-28,0.0
2022-08-29,-7567.741204067786
2022-08-30,-18.091712105592336
2022-08-31,0.0
2022-09-01,-7017.752869936994
2022-09-02,-2927.6791100017526
2022-09-03,0.0
2022-09-04,0.0
2022-09-05,-1682.5832787254487
2022-09-06,-916.6000449662736
2022-09-07,3159.2923133143677
2022-09-08,-2960.0745412222195
2022-09-09,6133.888554884217
2022-09-10,0.0
2022-09-11,0.0
2022-09-12,3043.2734061118167
2022-09-13,-2682.2959225871277
2022-09-14,-13968.044303927956
2022-09-15,-4580.554020973484
2022-09-16,-6963.897977609955
2022-09-17,0.0
2022-09-18,0.0
2022-09-19,2137.455821606515
2022-09-20,-4563.2101433614735
2022-09-21,-463.31856953071554
2022-09-22,-1161.1253765394158
2022-09-23,3513.020626060999
2022-09-24,0.0
2022-09-25,0.0
2022-09-26,6048.839032155554
2022-09-27,4345.477706568355
2022-09-28,980.8131404210174
2022-09-29,-1144.9818507364039
2022-09-30,-2615.9461470023666
2022-10-01,0.0
2022-10-02,0.0
2022-10-03,2032.8511532270468
2022-10-04,3274.647725297645
2022-10-05,0.0
2022-10-06,1806.8444414292476
2022-10-07,-1360.2925988417016
2022-10-08,0.0
2022-10-09,0.0
2022-10-10,6502.884993182162
2022-10-11,-4884.26839159195
2022-10-12,2014.7887019609389
2022-10-13,4983.408424127102
2022-10-14,470.6256612509397
2022-10-15,0.0
2022-10-16,0.0
2022-10-17,716.5021226753553
2022-10-18,-2524.4053300857504
2022-10-19,-1036.9854459629946
2022-10-20,3472.03781458167
2022-10-21,-2851.037219897841
2022-10-22,0.0
2022-10-23,0.0
2022-10-24,-1855.772212677258
2022-10-25,-1570.0513825058547
2022-10-26,0.0
2022-10-27,-1345.7560668311473
2022-10-28,4230.987790787742
2022-10-29,0.0
2022-10-30,0.0
2022-10-31,-198.2721199541836
2022-11-01,4028.2012219739768
2022-11-02,1568.2485351449563
2022-11-03,-2781.231372144637
2022-11-04,1350.400611513627
2022-11-05,0.0
2022-11-06,0.0
2022-11-07,-3534.633696121836
2022-11-08,0.0
2022-11-09,-146.89589218984003
2022-11-10,-1316.063713974156
2022-11-11,4532.456223039363
2022-11-12,0.0
2022-11-13,0.0
2022-11-14,1567.0617367884909
2022-11-15,-715.6245582803723
2022-11-16,-1409.1919093818506
2022-11-17,-536.078030998526
2022-11-18,1150.3933103205343
2022-11-19,0.0
2022-11-20,0.0
2022-11-21,-1181.7507199015665
2022-11-22,858.0121228068128
2022-11-23,-919.5166502747696
2022-11-24,-276.2638530238482
2022-11-25,1648.4313721306746
2022-11-26,0.0
2022-11-27,0.0
2022-11-28,5095.63575264772
2022-11-29,-155.6126965749472
2022-11-30,-29.001424817640654
2022-12-01,-2661.131089798285
2022-12-02,967.3229107334038
2022-12-03,0.0
2022-12-04,0.0
2022-12-05,2526.9452437424584
2022-12-06,1435.6266960938613
2022-12-07,491.7347104750423
2022-12-08,137.04304418127282
2022-12-09,6112.918833375945
2022-12-10,0.0
2022-12-11,0.0
2022-12-12,252.40115951177032
2022-12-13,362.6628460185444
2022-12-14,-362.1501964945018
2022-12-15,-972.0176777829148
2022-12-16,-838.3399020337488
2022-12-17,0.0
2022-12-18,0.0
2022-12-19,-249.35535897353094
2022-12-20,2172.875003921084
2022-12-21,1070.0913822944003
2022-12-22,1360.6810671626015
2022-12-23,-710.1335185261348
2022-12-24,0.0
2022-12-25,0.0
2022-12-26,-1744.6819309084694
2022-12-27,-217.85419653660216
2022-12-28,243.8976807722359
2022-12-29,-646.2285973983971
2022-12-30,1386.8771834323443
2022-12-31,0.0
2023-01-01,0.0
2023-01-02,1045.4874943708758
2023-01-03,-666.6680710993877
2023-01-04,-607.7893431189608
2023-01-05,-858.7447372547574
2023-01-06,-176.5934608553854
2023-01-07,0.0
2023-01-08,0.0
2023-01-09,2212.4986838809455
2023-01-10,945.6725377665042
2023-01-11,-1312.1249412897344
2023-01-12,-1582.9585092832742
2023-01-13,104.13776095361754
2023-01-14,0.0
2023-01-15,0.0
2023-01-16,466.3519779683268
2023-01-17,-1158.996284079745
2023-01-18,-2242.9758777513607
2023-01-19,-1699.1184105319564
2023-01-20,-2580.070058457713
2023-01-21,0.0
2023-01-22,0.0
2023-01-23,-1618.269469873674
2023-01-24,-1091.393676080301
2023-01-25,-386.88463805956354
2023-01-26,0.0
2023-01-27,-2728.396138678309
2023-01-28,0.0
2023-01-29,0.0
2023-01-30,3284.754213533674
2023-01-31,2416.874996438181
2023-02-01,-3031.64758687964
2023-02-02,-2764.9062640691222
2023-02-03,-583.1252626839103
2023-02-04,0.0
2023-02-05,0.0
2023-02-06,423.5053040267811
2023-02-07,-929.654784272187
2023-02-08,218.85549060022748
2023-02-09,-967.9014021104913
2023-02-10,-1086.8282852421316
2023-02-11,0.0
2023-02-12,0.0
2023-02-13,3257.9546752125293
2023-02-14,1862.8604216716217
2023-02-15,2840.8620474341997
2023-02-16,-2028.4549749694645
2023-02-17,3667.511948343453
2023-02-18,0.0
2023-02-19,0.0
2023-02-20,-2016.8838167997726
2023-02-21,3482.8284023643673
2023-02-22,-962.098240382545
2023-02-23,-1995.437076088522
2023-02-24,2619.202817328771
2023-02-25,0.0
2023-02-26,0.0
2023-02-27,6001.21199840003
2023-02-28,275.8453365816571
2023-03-01,-1976.7695672778718
2023-03-02,1783.030751783943
2023-03-03,1378.0472062573938
2023-03-04,0.0
2023-03-05,0.0
2023-03-06,800.6941607003571
2023-03-07,0.0
2023-03-08,-1330.1660713607544
2023-03-09,-2035.818574172588
2023-03-10,-1470.0947915138183
2023-03-11,0.0
2023-03-12,0.0
2023-03-13,-918.2517178062576
2023-03-14,1330.5764952813638
2023-03-15,936.5446268390065
2023-03-16,-619.7711547667532
2023-03-17,-2373.67567488052
2023-03-18,0.0
2023-03-19,0.0
2023-03-20,-1748.044674517408
2023-03-21,-268.6884209932684
2023-03-22,961.261644090068
2023-03-23,-1551.059126560519
2023-03-24,469.090795838125
2023-03-25,0.0
2023-03-26,0.0
2023-03-27,1968.4728350292426
2023-03-28,434.43270168262774
2023-03-29,-197.84896855295833
2023-03-30,0.0
2023-03-31,4724.722996832528
2023-04-01,0.0
2023-04-02,0.0
2023-04-03,-2064.861772537949
2023-04-04,0.0
2023-04-05,-2278.514145031264
2023-04-06,-1306.4292214281406
2023-04-07,0.0
2023-04-08,0.0
2023-04-09,0.0
2023-04-10,549.9053626047546
2023-04-11,-3296.642751362038
2023-04-12,2256.8652930237795
2023-04-13,-1598.9236223870407
2023-04-14,0.0
2023-04-15,0.0
2023-04-16,0.0
2023-04-17,-4759.943944447182
2023-04-18,-705.3522721611615
2023-04-19,-3407.3959569180356
2023-04-20,-2601.6875359116207
2023-04-21,1479.810425872854
2023-04-22,0.0
2023-04-23,0.0
2023-04-24,-1851.657667600337
2023-04-25,-706.7410663927329
2023-04-26,-1270.738410592593
2023-04-27,808.0371013078702
2023-04-28,-2015.7305762442322
2023-04-29,0.0
2023-04-30,0.0
2023-05-01,0.0
2023-05-02,4110.8640917509765
2023-05-03,-309.48183594301076
2023-05-04,-35.75976862607797
2023-05-05,856.9169888765573
2023-05-06,0.0
2023-05-07,0.0
2023-05-08,523.9460500178916
2023-05-09,2096.466620399395
2023-05-10,-869.6605458587393
2023-05-11,932.5973651828099
2023-05-12,-1400.4964565445712
2023-05-13,0.0
2023-05-14,0.0
2023-05-15,457.2170218667338
2023-05-16,1505.865508817068
2023-05-17,-1832.9444360716816
2023-05-18,474.1568243980931
2023-05-19,3452.707664318904
2023-05-20,0.0
2023-05-21,0.0
2023-05-22,3369.1106087929916
2023-05-23,415.2302609298575
2023-05-24,535.4703039329011
2023-05-25,-857.217624685267
2023-05-26,2064.5529931009746
2023-05-27,0.0
2023-05-28,0.0
2023-05-29,-849.1850623690333
2023-05-30,433.7120086428703
2023-05-31,-2710.229379140752
2023-06-01,584.7409911149582
2023-06-02,-1526.6587416242076
2023-06-03,0.0
2023-06-04,0.0
2023-06-05,1846.897507291947
2023-06-06,-2864.177782077216
2023-06-07,102.37539923453991
2023-06-08,-410.6263789128638
2023-06-09,-2412.524371374916
2023-06-10,0.0
2023-06-11,0.0
2023-06-12,4443.7626363464105
2023-06-13,-253.73216890700596
2023-06-14,159.6386697374453
2023-06-15,-2636.7657093293224
2023-06-16,-907.1536035197701
2023-06-17,0.0
2023-06-18,0.0
2023-06-19,1686.2244300120954
2023-06-20,845.2920725958934
2023-06-21,-352.753897583391
2023-06-22,-1896.5426919975712
2023-06-23,-2577.439552505778
2023-06-24,0.0
2023-06-25,0.0
2023-06-26,784.4181556877938
2023-06-27,249.64550750463445
2023-06-28,362.6376771415618
2023-06-29,0.0
2023-06-30,4844.9351848789665
2023-07-01,0.0
2023-07-02,0.0
2023-07-03,210.28028186274702
2023-07-04,1899.2145361904038
2023-07-05,1131.8744120321012
2023-07-06,-1039.0125065790332
2023-07-07,782.67963015334
2023-07-08,0.0
2023-07-09,0.0
2023-07-10,-2106.484199055993
2023-07-11,-125.49228264839837
2023-07-12,-1124.7055249988503
2023-07-13,5723.003564202518
2023-07-14,5661.996225121599
2023-07-15,0.0
2023-07-16,0.0
2023-07-17,-786.7414188569244
2023-07-18,39.61851681307809
2023-07-19,1411.6879521028804
2023-07-20,1471.2606291945908
2023-07-21,-1484.0349068593148
2023-07-22,0.0
2023-07-23,0.0
2023-07-24,-1412.3415869802834
2023-07-25,2859.4145021263475
2023-07-26,464.8477233332725
2023-07-27,67.62271488824481
2023-07-28,-2147.5520439017528
2023-07-29,0.0
2023-07-30,0.0
2023-07-31,382.17303202307204
2023-08-01,2802.206073366102
2023-08-02,-1353.1959258462555
2023-08-03,2857.923526945434
2023-08-04,-703.3716007561598
2023-08-05,0.0
2023-08-06,0.0
2023-08-07,-130.9215426653542
2023-08-08,182.71563266593296
2023-08-09,582.384169342014
2023-08-10,461.91050883127343
2023-08-11,-2664.7726563956057
2023-08-12,0.0
2023-08-13,0.0
2023-08-14,443.97896121369365
2023-08-15,0.0
2023-08-16,1036.781122821475
2023-08-17,2227.786362273079
2023-08-18,-57.47291424237115
2023-08-19,0.0
2023-08-20,0.0
2023-08-21,1375.7764842885267
2023-08-22,108.14148011975004
2023-08-23,-996.6256378281546
2023-08-24,4866.442685815724
2023-08-25,326.8483968893233
2023-08-26,0.0
2023-08-27,0.0
2023-08-28,376.3220302443181
2023-08-29,572.8647957077881
2023-08-30,357.65362204100535
2023-08-31,384.15476928293396
2023-09-01,716.4889253693141
2023-09-02,0.0
2023-09-03,0.0
2023-09-04,-592.5973076893354
2023-09-05,-668.7351623319325
2023-09-06,2162.1137020162532
2023-09-07,-2075.5058010800954
2023-09-08,179.33627238080555
2023-09-09,0.0
2023-09-10,0.0
2023-09-11,435.377537603061
2023-09-12,-4619.554843232216
2023-09-13,2450.651263682675
2023-09-14,-721.2776010890343
2023-09-15,99.34377456970466
2023-09-16,0.0
2023-09-17,0.0
2023-09-18,-1204.1549820211571
2023-09-19,0.0
2023-09-20,-3221.7150384058195
2023-09-21,-432.1282815290315
2023-09-22,-2919.091649408638
2023-09-23,0.0
2023-09-24,0.0
2023-09-25,393.67262602391554
2023-09-26,495.2343388896875
2023-09-27,125.4914229747261
2023-09-28,-145.38036120050646
2023-09-29,661.173807952369
2023-09-30,0.0
2023-10-01,0.0
2023-10-02,0.0
2023-10-03,-2894.0933272278116
2023-10-04,1294.9547148485196
2023-10-05,-3208.9720958725916
2023-10-06,-631.6196647878925
2023-10-07,0.0
2023-10-08,0.0
2023-10-09,-1905.829879661716
2023-10-10,1141.8293472263288
2023-10-11,3530.659243584884
2023-10-12,3871.587147991153
2023-10-13,-1539.592352459698
2023-10-14,0.0
2023-10-15,0.0
2023-10-16,1096.220725374579
2023-10-17,2344.9817444009136
2023-10-18,-875.6821080158874
2023-10-19,136.53278073376242
2023-10-20,-1077.151739327902
2023-10-21,0.0
2023-10-22,0.0
2023-10-23,1415.8224938672115
2023-10-24,0.0
2023-10-25,1181.3490214995204
2023-10-26,-324.1480119305584
2023-10-27,1380.7777416365411
2023-10-28,0.0
2023-10-29,0.0
2023-10-30,676.4607185342354
2023-10-31,215.22294810589096
2023-11-01,224.28107625706235
2023-11-02,-366.6236398581191
2023-11-03,858.4016157665706
2023-11-04,0.0
2023-11-05,0.0
2023-11-06,212.24167522806866
2023-11-07,-148.51366060904644
2023-11-08,-83.8833704083574
2023-11-09,-1414.9062337998153
2023-11-10,-245.7696290809941
2023-11-11,0.0
2023-11-12,0.0
2023-11-13,-307.0204255847919
2023-11-14,0.0
2023-11-15,1941.19738404694
2023-11-16,2141.7916345243993
2023-11-17,-2499.028868769826
2023-11-18,0.0
2023-11-19,0.0
2023-11-20,-126.9191181488028
2023-11-21,1018.5691678495521
2023-11-22,-1046.726242900653
2023-11-23,2228.448861001515
2023-11-24,2102.500941730338
2023-11-25,0.0
2023-11-26,0.0
2023-11-27,0.0
2023-11-28,-792.4875935291165
2023-11-29,328.0817835223759
2023-11-30,-819.7421486583288
2023-12-01,1004.9102683729005
2023-12-02,0.0
2023-12-03,0.0
2023-12-04,4283.660213357928
2023-12-05,2603.699476481922
2023-12-06,-1996.3245817177767
2023-12-07,831.1602221162407
2023-12-08,-728.2104351303165
2023-12-09,0.0
2023-12-10,0.0
2023-12-11,-210.82670850363527
2023-12-12,-986.2756372358515
2023-12-13,3504.0371067608544
2023-12-14,-2507.79607757099
2023-12-15,-7990.2617842522495
2023-12-16,0.0
2023-12-17,0.0
2023-12-18,-1110.935050501181
2023-12-19,2752.6127143457543
2023-12-20,868.6380049374923
2023-12-21,2130.3895256675532
2023-12-22,-4074.7435007865197
2023-12-23,0.0
2023-12-24,0.0
2023-12-25,0.0
2023-12-26,3411.7107321891967
2023-12-27,1091.9200851953235
2023-12-28,3116.0514424556427
2023-12-29,-615.7430627614024
2023-12-30,0.0
2023-12-31,0.0
2024-01-01,-1496.7016521612786
2024-01-02,2115.9866657893
2024-01-03,7094.1725892189
2024-01-04,951.8528919708438
2024-01-05,-4612.772635441485
2024-01-06,0.0
2024-01-07,0.0
2024-01-08,-782.0015604029251
2024-01-09,-2109.407303879871
2024-01-10,-170.69437172054774
2024-01-11,-856.5098212998087
2024-01-12,-7648.307849165571
2024-01-13,0.0
2024-01-14,0.0
2024-01-15,187.8831060929275
2024-01-16,2341.1337730928158
2024-01-17,-10470.178926485534
2024-01-18,-3783.371449264594
2024-01-19,-1314.8296621183526
2024-01-20,0.0
2024-01-21,0.0
2024-01-22,0.0
2024-01-23,135.73545048594315
2024-01-24,-886.9366962812908
2024-01-25,-1323.6370260486208
2024-01-26,0.0
2024-01-27,0.0
2024-01-28,0.0
2024-01-29,-244.39157732298284
2024-01-30,-161.07389456551118
2024-01-31,4504.006707142859
2024-02-01,-667.7753741194568
2024-02-02,-9357.783106474702
2024-02-03,0.0
2024-02-04,0.0
2024-02-05,-1174.8553761885019
2024-02-06,-8097.754220614479
2024-02-07,4593.668384644254
2024-02-08,-5708.368277822309
2024-02-09,3944.6538968260934
2024-02-10,0.0
2024-02-11,0.0
2024-02-12,-3973.8132117848695
2024-02-13,-165.64094267897738
2024-02-14,4779.53349102124
2024-02-15,2858.7953464537204
2024-02-16,-1471.0230255029933
2024-02-17,0.0
2024-02-18,0.0
2024-02-19,2672.4878101840327
2024-02-20,6624.71077107407
2024-02-21,2750.7303304051024
2024-02-22,-5412.437623919128
2024-02-23,-844.2943631682944
2024-02-24,0.0
2024-02-25,0.0
2024-02-26,548.0361614870757
2024-02-27,-4234.4312886373755
2024-02-28,-2274.286970997385
2024-02-29,909.8087048621048
2024-03-01,2647.222129141938
2024-03-02,0.0
2024-03-03,0.0
2024-03-04,875.7949255910448
2024-03-05,5382.225153399373
2024-03-06,-1236.4417894548942
2024-03-07,1439.0641973693846
2024-03-08,0.0
2024-03-09,0.0
2024-03-10,0.0
2024-03-11,-1882.5863372278986
2024-03-12,-2034.839719758288
2024-03-13,7062.352587276108
2024-03-14,-2135.826305261683
2024-03-15,-385.31376379175487
2024-03-16,0.0
2024-03-17,0.0
2024-03-18,138.9618089521447
2024-03-19,4925.732046846326
2024-03-20,-346.33144025217223
2024-03-21,495.79168152066757
2024-03-22,-442.94018121618706
2024-03-23,0.0
2024-03-24,0.0
2024-03-25,0.0
2024-03-26,-716.7576674111432
2024-03-27,-1485.6766987215012
2024-03-28,522.2920078622418
2024-03-29,0.0
2024-03-30,0.0
2024-03-31,0.0
2024-04-01,277.991200697718
2024-04-02,515.1236140761471
2024-04-03,519.8878544164097
2024-04-04,3466.6870753201692
2024-04-05,1245.6125246841166
2024-04-06,0.0
2024-04-07,0.0
2024-04-08,-3024.193362266676
2024-04-09,2843.585225844452
2024-04-10,553.5343463258414
2024-04-11,0.0
2024-04-12,-1563.621201963699
2024-04-13,0.0
2024-04-14,0.0
2024-04-15,138.56164261179842
2024-04-16,-3592.66362895132
2024-04-17,0.0
2024-04-18,-1765.261751888296
2024-04-19,-689.0828864301344
2024-04-20,0.0
2024-04-21,0.0
2024-04-22,132.400648477171
2024-04-23,641.1889151189112
2024-04-24,-543.7061199998561
2024-04-25,-510.92268577650066
2024-04-26,1231.8321323905159
2024-04-27,0.0
2024-04-28,0.0
2024-04-29,-3238.0236230858754
2024-04-30,219.52444768654993
2024-05-01,0.0
2024-05-02,2265.91576841811
2024-05-03,2086.2213959538844
2024-05-04,0.0
2024-05-05,0.0
2024-05-06,1800.5129007042694
2024-05-07,1656.1882952333092
2024-05-08,-1882.8050637462845
2024-05-09,1693.120625856295
2024-05-10,1004.0312753502459
2024-05-11,0.0
2024-05-12,0.0
2024-05-13,2063.682203332506
2024-05-14,2676.31025106436
2024-05-15,-1984.1858130300484
2024-05-16,1075.6359067717058
2024-05-17,1168.915949332516
2024-05-18,0.0
2024-05-19,0.0
2024-05-20,0.0
2024-05-21,258.58797381798536
2024-05-22,1857.807273509724
2024-05-23,-152.98715610267084
2024-05-24,97.86394125893781
2024-05-25,0.0
2024-05-26,0.0
2024-05-27,594.3037071312651
2024-05-28,1394.9996181539113
2024-05-29,411.34364940427656
2024-05-30,-1076.7269637127508
2024-05-31,-1243.91399897378
2024-06-01,0.0
2024-06-02,0.0
2024-06-03,-11903.674265523992
2024-06-04,27104.527604529172
2024-06-05,-1730.5406211054253
2024-06-06,1786.8584831250844
2024-06-07,1139.292237475726
2024-06-08,0.0
2024-06-09,0.0
2024-06-10,-1168.275323542678
2024-06-11,-745.8233055560793
2024-06-12,-627.6994669344682
2024-06-13,450.84297288967787
2024-06-14,973.762217500349
2024-06-15,0.0
2024-06-16,0.0
2024-06-17,0.0
2024-06-18,-339.7520413456623
2024-06-19,2684.8742568164257
2024-06-20,1083.3651103207308
2024-06-21,-1233.998995858523
2024-06-22,0.0
2024-06-23,0.0
2024-06-24,-284.95581769497846
2024-06-25,-532.8277908245703
2024-06-26,-955.8696827944453
2024-06-27,666.1887519973719
2024-06-28,1713.9843362641936
2024-06-29,0.0
2024-06-30,0.0
2024-07-01,1148.97941575925
2024-07-02,2353.8936169599874
2024-07-03,2692.3140806898373
2024-07-04,-2795.925536468256
2024-07-05,472.5832609083568
2024-07-06,0.0
2024-07-07,0.0
2024-07-08,-1159.5189149565056
2024-07-09,2336.5086339315403
2024-07-10,2462.570229996151
2024-07-11,1324.8865541585508
2024-07-12,-5158.9861350594465
2024-07-13,0.0
2024-07-14,0.0
2024-07-15,2013.0235395100083
2024-07-16,-13.78017774489544
2024-07-17,0.0
2024-07-18,-6208.450576341131
2024-07-19,-1125.9122483620997
2024-07-20,0.0
2024-07-21,0.0
2024-07-22,-197.42076487926136
2024-07-23,-1912.0100741723297
2024-07-24,-1174.1643435872095
2024-07-25,694.9898807766731
2024-07-26,-1830.6148162683744
2024-07-27,0.0
2024-07-28,0.0
2024-07-29,736.0515991395602
2024-07-30,771.4186973509427
2024-07-31,2328.0215199913414
2024-08-01,1791.1834987069765
2024-08-02,5757.643206651759
2024-08-03,0.0
2024-08-04,0.0
2024-08-05,2965.887274510772
2024-08-06,-1014.9404927713922
2024-08-07,-1027.8963919102323
2024-08-08,2899.332073973344
2024-08-09,-996.4996006486659
2024-08-10,0.0
2024-08-11,0.0
2024-08-12,-1689.81903740681
2024-08-13,-3550.9887104472646
2024-08-14,-4874.018859415531
2024-08-15,0.0
2024-08-16,-3042.7332393073093
2024-08-17,0.0
2024-08-18,0.0
2024-08-19,-2728.3432702395107
2024-08-20,-969.4924435335082
2024-08-21,-470.72040713178126
2024-08-22,2399.2931543889795
2024-08-23,2462.9226337090413
2024-08-24,0.0
2024-08-25,0.0
2024-08-26,-653.6684932556547
2024-08-27,-2142.3952076726646
2024-08-28,-3458.199610843761
2024-08-29,2599.3372396110653
2024-08-30,-2837.728362655667
2024-08-31,0.0
2024-09-01,0.0
2024-09-02,1305.4736211105492
2024-09-03,1584.4938490069717
2024-09-04,2442.944438328063
2024-09-05,-1326.900256421546
2024-09-06,-2372.1931576685583
2024-09-07,0.0
2024-09-08,0.0
2024-09-09,1810.9759440247021
2024-09-10,-2963.048288811858
2024-09-11,-219.42290661507423
2024-09-12,1486.3063058378548
2024-09-13,-754.9444285638132
2024-09-14,0.0
2024-09-15,0.0
2024-09-16,212.39924714135498
2024-09-17,135.31807488463164
2024-09-18,9805.16918792592
2024-09-19,1560.5100649387668
2024-09-20,1505.9625325462455
2024-09-21,0.0
2024-09-22,0.0
2024-09-23,2637.2594790830003
2024-09-24,-122.58546097041918
2024-09-25,546.6986981939904
2024-09-26,490.172490123344
2024-09-27,3495.161495164016
2024-09-28,0.0
2024-09-29,0.0
2024-09-30,-1913.147023883892
2024-10-01,-591.7956064223138
2024-10-02,0.0
2024-10-03,-1498.2684824396154
2024-10-04,-2016.8538307951553
2024-10-05,0.0
2024-10-06,0.0
2024-10-07,-5209.065148342423
2024-10-08,3168.7973471534997
2024-10-09,-4465.491047419464
2024-10-10,2619.9686157473725
2024-10-11,200.63514769556895
2024-10-12,0.0
2024-10-13,0.0
2024-10-14,-1001.9687015108982
2024-10-15,-5073.913271613171
2024-10-16,3901.7363805208747
2024-10-17,-1881.3009320467854
2024-10-18,6288.899492982427
2024-10-19,0.0
2024-10-20,0.0
2024-10-21,3461.763475584762
2024-10-22,-3347.8475529087673
2024-10-23,243.26479212969798
2024-10-24,185.3162712403833
2024-10-25,-1068.3552651107168
2024-10-26,0.0
2024-10-27,0.0
2024-10-28,161.55755204134277
2024-10-29,-1647.1300810362832
2024-10-30,4192.630210482322
2024-10-31,3700.619702539327
2024-11-01,843.8531400220082
2024-11-02,0.0
2024-11-03,0.0
2024-11-04,-3210.1469431352775
2024-11-05,-1001.3308732947237
2024-11-06,4262.026583757614
2024-11-07,327.837306856096
2024-11-08,-1658.6193111448802
2024-11-09,0.0
2024-11-10,0.0
2024-11-11,-7362.372548576633
2024-11-12,828.8990245729224
2024-11-13,-2753.2720853903925
2024-11-14,2316.830182416592
2024-11-15,0.0
2024-11-16,0.0
2024-11-17,0.0
2024-11-18,4992.685177323219
2024-11-19,-3439.482100718552
2024-11-20,0.0
2024-11-21,-4527.048011788824
2024-11-22,-1594.6514961995063
2024-11-23,0.0
2024-11-24,0.0
2024-11-25,2941.7399759412046
2024-11-26,-1382.827829086235
2024-11-27,-143.4620586004476
2024-11-28,3414.233722406261
2024-11-29,3115.248307863206
2024-11-30,0.0
2024-12-01,0.0
2024-12-02,254.28719742810256
2024-12-03,-722.0834021597366
2024-12-04,-3475.1451319112543
2024-12-05,-3998.3621571061594
2024-12-06,-733.1311643444716
2024-12-07,0.0
2024-12-08,0.0
2024-12-09,-3698.1933389821033
2024-12-10,-1486.2581999439033
2024-12-11,-1225.1117422970938
2024-12-12,-3517.3635985163764
2024-12-13,1803.08809969278
2024-12-14,0.0
2024-12-15,0.0
2024-12-16,2250.9103523040053
2024-12-17,-1008.6045406252422
2024-12-18,-880.6652608251111
2024-12-19,160.46511511929918
2024-12-20,406.9811498084274
2024-12-21,0.0
2024-12-22,0.0
2024-12-23,2545.3136313139144
2024-12-24,1087.5694964547988
2024-12-25,0.0
2024-12-26,-1000.4374552224092
2024-12-27,228.97884174059007
2024-12-28,0.0
2024-12-29,0.0
2024-12-30,263.27320322873544
2024-12-31,3166.5003880030113
2025-01-01,895.6806608436675
2025-01-02,-3659.2262955107913
2025-01-03,3154.6733914176325
2025-01-04,0.0
2025-01-05,0.0
2025-01-06,-5083.165408375367
2025-01-07,3727.5933943539408
2025-01-08,3936.516779583647
2025-01-09,675.5569218005996
2025-01-10,-7074.818444303349
2025-01-11,0.0
2025-01-12,0.0
2025-01-13,-2530.0888163935992
2025-01-14,3180.406250388355
2025-01-15,420.81292148018036
2025-01-16,4004.4655837636124
2025-01-17,14717.824944787484
2025-01-18,0.0
2025-01-19,0.0
2025-01-20,3000.627066337014
2025-01-21,-1542.7039007428298
2025-01-22,-4100.297738611907
2025-01-23,-883.3547681145283
2025-01-24,-2343.090604229596
2025-01-25,0.0
2025-01-26,0.0
2025-01-27,4296.134359531269
2025-01-28,-92.71721608123067
2025-01-29,-2989.078427492582
2025-01-30,3169.666545994339
2025-01-31,2726.3929184603744
2025-02-01,2514.4758286524275
2025-02-02,0.0
2025-02-03,-6422.71361511776
2025-02-04,4440.102635079133
2025-02-05,-2959.5249771036956
2025-02-06,-1353.589015412653
2025-02-07,-167.4131976278126
2025-02-08,0.0
2025-02-09,0.0
2025-02-10,492.1325491258765
2025-02-11,-2799.0158889403438
2025-02-12,538.873537900113
2025-02-13,895.0113375019387
2025-02-14,-1505.3905091756103
2025-02-15,0.0
2025-02-16,0.0
2025-02-17,2743.3711949248996
2025-02-18,-997.1767830940581
2025-02-19,1160.0175028031813
2025-02-20,1308.1060591400862
2025-02-21,2112.90691113138
2025-02-22,0.0
2025-02-23,0.0
2025-02-24,-971.1125065090152
2025-02-25,-4792.597674906383
2025-02-26,0.0
2025-02-27,-1211.184798046088
2025-02-28,-997.4735938186743
2025-03-01,0.0
2025-03-02,0.0
2025-03-03,268.49446908506957
2025-03-04,569.1764769286613
2025-03-05,-882.9676518824358
2025-03-06,3684.744142100409
2025-03-07,415.04196828761053
2025-03-08,0.0
2025-03-09,0.0
2025-03-10,-1431.620401443181
2025-03-11,-3468.242641065137
2025-03-12,-5017.584216980783
2025-03-13,-431.9452775836874
2025-03-14,0.0
2025-03-15,0.0
2025-03-16,0.0
2025-03-17,-713.8391307719182
2025-03-18,-169.14350962398572
2025-03-19,-2355.9380928707083
2025-03-20,1841.7169837025594
2025-03-21,-4119.547090174756
2025-03-22,0.0
2025-03-23,0.0
2025-03-24,-1844.340160885378
2025-03-25,4889.457550183396
2025-03-26,-1612.1405370668178
2025-03-27,-327.63489078091004
2025-03-28,-5594.593984990784
2025-03-29,0.0
2025-03-30,0.0
2025-03-31,0.0
2025-04-01,-1949.863332772059
2025-04-02,-842.8715188182264
2025-04-03,-12253.083687466738
2025-04-04,-9217.995901012406
2025-04-05,0.0
2025-04-06,0.0
2025-04-07,2249.4780811634964
2025-04-08,-1643.3938954498205
2025-04-09,-3105.50606454121
2025-04-10,0.0
2025-04-11,-3668.2274917734703
2025-04-12,0.0
2025-04-13,0.0
2025-04-14,0.0
2025-04-15,-3020.416021660199
2025-04-16,-3093.1625578294315
2025-04-17,-5231.428024371706
2025-04-18,0.0
2025-04-19,0.0
2025-04-20,0.0
2025-04-21,3678.07122892887
2025-04-22,-4116.176077656206
2025-04-23,9817.122823477504
2025-04-24,1546.6690837741417
2025-04-25,5904.593676942882
2025-04-26,0.0
2025-04-27,0.0
2025-04-28,-2573.1348882029797
2025-04-29,2349.8942980853535
2025-04-30,-1536.0624607466677
2025-05-01,0.0
2025-05-02,-1581.703829074841
2025-05-03,0.0
2025-05-04,0.0
2025-05-05,-104.7909185465601
2025-05-06,245.85062211785151
2025-05-07,-475.47874776473253
2025-05-08,936.6256990115328
2025-05-09,4947.46383889379
2025-05-10,0.0
2025-05-11,0.0
2025-05-12,7178.1687367943505
2025-05-13,-4118.334440245674
2025-05-14,2109.9846431869773
2025-05-15,-1769.264598826834
2025-05-16,-918.5849675891511
2025-05-17,0.0
2025-05-18,0.0
2025-05-19,-2718.600975400521
2025-05-20,1562.8925227792915
2025-05-21,950.7779854352027
2025-05-22,-1200.7284668991038
2025-05-23,2.755944578458653
2025-05-24,0.0
2025-05-25,0.0
2025-05-26,-8.35053561980989
2025-05-27,-151.253794002244
2025-05-28,473.41118913198045
2025-05-29,267.03239549284774
2025-05-30,-2307.2341546058433
2025-05-31,0.0
2025-06-01,0.0
2025-06-02,-849.436761986584
2025-06-03,-1312.8537247203824
2025-06-04,-746.9763643225091
2025-06-05,-3202.44453784281
2025-06-06,841.4214158530297
2025-06-07,0.0
2025-06-08,0.0
2025-06-09,2682.285325872877
2025-06-10,5002.517399115543
2025-06-11,1396.413152400757
2025-06-12,-362.75651158834677
2025-06-13,2231.3152705971434
2025-06-14,0.0
2025-06-15,0.0
2025-06-16,1636.9171675057
2025-06-17,2689.0624348823117
2025-06-18,-2451.066916071887
2025-06-19,-2345.52902307267
2025-06-20,-3316.7388718160505
2025-06-21,0.0
2025-06-22,0.0
2025-06-23,-1313.5318242984438
2025-06-24,-45.143599744737
2025-06-25,2265.6717520785373
2025-06-26,-4424.40643230675
2025-06-27,-2595.8595354860004
2025-06-28,0.0
2025-06-29,0.0
2025-06-30,2962.235884883072
2025-07-01,-3635.6788368021275
2025-07-02,1779.6071403777346
2025-07-03,175.81347217993078
2025-07-04,1527.1153650678305
2025-07-05,0.0
2025-07-06,0.0
2025-07-07,-2907.0100489795523
2025-07-08,426.38517172294485
2025-07-09,-198.88630610024788
2025-07-10,868.8720598180732
2025-07-11,-4265.759328904981
2025-07-12,0.0
2025-07-13,0.0
2025-07-14,-2304.762165558787
2025-07-15,1871.3572428142975
2025-07-16,366.37477399798604
2025-07-17,-1699.5547185147618
2025-07-18,775.5109126662861
2025-07-19,0.0
2025-07-20,0.0
2025-07-21,657.2969207810147
2025-07-22,604.4636971205032
2025-07-23,-1304.8432248530005
2025-07-24,-1357.6005164210646
2025-07-25,-2325.56284622232
2025-07-26,0.0
2025-07-27,0.0
2025-07-28,-2509.659518664742
2025-07-29,-4046.762369092411
2025-07-30,-239.45541919112105
2025-07-31,-344.43724029292315
2025-08-01,-4929.639852330625
2025-08-02,0.0
2025-08-03,0.0
2025-08-04,4189.045288894668
2025-08-05,-1259.9846946680796
2025-08-06,-5397.825407261907
2025-08-07,622.1390062822475
2025-08-08,2071.238921193925
2025-08-09,0.0
2025-08-10,0.0
2025-08-11,-1617.5917467759616
2025-08-12,758.2819633193027
2025-08-13,-1070.4309455019343
2025-08-14,-170.0457300108039
2025-08-15,0.0
2025-08-16,0.0
2025-08-17,0.0
2025-08-18,-3369.7812122075075
2025-08-19,1851.1550568401078
2025-08-20,10775.253666022038
2025-08-21,-416.4150592124604
2025-08-22,-285.998130136871
2025-08-23,0.0
2025-08-24,0.0
2025-08-25,9567.688332322328
2025-08-26,3922.6254992140184
2025-08-27,0.0
2025-08-28,-4438.666810926999
2025-08-29,-4547.492360839123
2025-08-30,0.0
2025-08-31,0.0
2025-09-01,2618.0502210862546
2025-09-02,1869.4344474434854
2025-09-03,-4401.400570426628
2025-09-04,-2172.0044874810405
2025-09-05,-4516.10660173045
2025-09-06,0.0
2025-09-07,0.0
2025-09-08,-1486.2961114633076
2025-09-09,8410.792404368693
2025-09-10,5201.077589850523
2025-09-11,-2604.352952193423
2025-09-12,1562.4449371468518
2025-09-13,0.0
2025-09-14,0.0
2025-09-15,-2019.540487604001
2025-09-16,-18.57915403875137
2025-09-17,942.5230718141208
2025-09-18,1634.8468908528037
2025-09-19,-260.8867024882454
2025-09-20,0.0
2025-09-21,0.0
2025-09-22,-6812.82132571261
2025-09-23,-149.96194446869288
2025-09-24,-1251.0950290342748
2025-09-25,-3607.4246198350197
2025-09-26,-5669.149276935883
2025-09-27,0.0
2025-09-28,0.0
2025-09-29,-1173.373540004985
2025-09-30,1076.9424226278181
2025-10-01,1856.5975668206393
2025-10-02,0.0
2025-10-03,-2829.151514920076
2025-10-04,0.0
2025-10-05,0.0
2025-10-06,6823.398490179605
2025-10-07,-3381.3538969024207
2025-10-08,7680.673184721486
2025-10-09,1968.8566169638325
2025-10-10,-3221.032637538798
2025-10-11,0.0
2025-10-12,0.0
2025-10-13,-2289.88885778836
2025-10-14,-1982.0598265581423
2025-10-15,-2005.31784362818
2025-10-16,-2263.165200386234
2025-10-17,-5532.4144837993645
2025-10-18,0.0
2025-10-19,0.0
2025-10-20,3131.0454457314977
2025-10-21,194.20416884041282
2025-10-22,0.0
2025-10-23,9912.118090859074
2025-10-24,-261.37738139072826
2025-10-25,0.0
2025-10-26,0.0
2025-10-27,-3320.3178065581346
2025-10-28,-3503.47318391226
2025-10-29,-998.1670602322378
2025-10-30,-519.1914627454873
2025-10-31,525.1406950744664
2025-11-01,0.0
2025-11-02,0.0
2025-11-03,-2751.5697751033126
2025-11-04,-2268.2206972579634
2025-11-05,0.0
2025-11-06,-1049.4111001707406
2025-11-07,3621.3068147592285
2025-11-08,0.0
2025-11-09,0.0
2025-11-10,2120.7307233034585
2025-11-11,540.7504744330582
2025-11-12,1530.0514924781817
2025-11-13,-3571.6723170762216
2025-11-14,-1418.2504210549807
2025-11-15,0.0
2025-11-16,0.0
2025-11-17,-659.567795214824
2025-11-18,-2475.9474394720414
2025-11-19,5822.845319829817
2025-11-20,-693.7347791690263
2025-11-21,1022.9144716494098
2025-11-22,0.0
2025-11-23,0.0
2025-11-24,-5.3367701269314125
2025-11-25,-2630.750127919435
2025-11-26,2629.4874112065213
2025-11-27,148.3535904685308
2025-11-28,117.07945017527264
2025-11-29,0.0
2025-11-30,0.0
2025-12-01,716.3817675469697
2025-12-02,-1305.386536057822
2025-12-03,4727.32843029815
2025-12-04,1877.8316868216182
2025-12-05,665.8851809181153
2025-12-06,0.0
2025-12-07,0.0
2025-12-08,689.8756714112087
2025-12-09,2236.404722121213
2025-12-10,-13.90146952624076
2025-12-11,913.0976174202264
2025-12-12,-1007.9143853830686
2025-12-13,0.0
2025-12-14,0.0
2025-12-15,-640.675160912978
2025-12-16,984.5376065125008
2025-12-17,-829.1144460795483
2025-12-18,618.2041116007999
2025-12-19,-1303.4170876887963
2025-12-20,0.0
2025-12-21,0.0
2025-12-22,-1820.3817710451276
2025-12-23,1988.097716228731
2025-12-24,-235.0000980005951
2025-12-25,0.0
2025-12-26,1075.0723299286994
2025-12-27,0.0
2025-12-28,0.0
2025-12-29,-368.0290437262145
2025-12-30,1549.274122951243
2025-12-31,2127.8927376221886
2026-01-01,-4945.759167861655
2026-01-02,-808.2072583625253
2026-01-03,0.0
2026-01-04,0.0
2026-01-05,1015.8641184208285
2026-01-06,1826.3125908727852
2026-01-07,869.9394348608292
2026-01-08,1037.67142061046
2026-01-09,-1409.629309028937
2026-01-10,0.0
2026-01-11,0.0
2026-01-12,-795.997072191168
2026-01-13,-622.8036772970571
2026-01-14,1588.7157229951176
2026-01-15,0.0
2026-01-16,-1939.0976129166077
2026-01-17,0.0
2026-01-18,0.0
2026-01-19,-672.5185543107636
2026-01-20,912.3422156323669
2026-01-21,1297.2097091252929
2026-01-22,-1937.9970102039226
2026-01-23,-1744.410553225202
2026-01-24,0.0
2026-01-25,0.0
2026-01-26,0.0
2026-01-27,-1272.5699502449859
2026-01-28,3943.7601150952696
2026-01-29,87.24482922293237
2026-01-30,1817.3042324625155
2026-01-31,0.0
2026-02-01,0.0
2026-02-02,2318.98627937362
2026-02-03,376.5008695791748
2026-02-04,12217.319413089457
2026-02-05,-43.53138795626821
2026-02-06,-331.938432775449
2026-02-07,0.0
2026-02-08,0.0
2026-02-09,-3952.468744674267
2026-02-10,204.25371882273566
2026-02-11,-3287.6738623037977
2026-02-12,-9438.695445588512
2026-02-13,-1500.3681090316268
2026-02-14,0.0
2026-02-15,0.0
2026-02-16,-720.8300615149898
2026-02-17,1342.154052715896
2026-02-18,-3988.236886789033
2026-02-19,2221.5721907630436
2026-02-20,-2768.8913685267958
2026-02-21,0.0
2026-02-22,0.0
2026-02-23,-4883.2100407638345
2026-02-24,-5518.983988099249
2026-02-25,6427.298347567567
2026-02-26,894.6672169126391
2026-02-27,3966.8448053587495
2026-02-28,0.0
2026-03-01,0.0
2026-03-02,1838.7387009551605
2026-03-03,0.0
2026-03-04,3931.431811213448
2026-03-05,-2135.9584426565766
2026-03-06,5528.895247817204
2026-03-07,0.0
2026-03-08,0.0
2026-03-09,3734.495925344869
2026-03-10,-4832.390140085674
2026-03-11,-1394.40407041848
2026-03-12,450.852513916462
2026-03-13,2832.904451873579
2026-03-14,0.0
2026-03-15,0.0
2026-03-16,-4116.758453249283
2026-03-17,-3802.987794861252
2026-03-18,5119.4560153601415
2026-03-19,-3975.7367866802147
2026-03-20,2482.2112337105755
2026-03-21,0.0
2026-03-22,0.0
2026-03-23,4705.258551309405
2026-03-24,1077.944883114601
2026-03-25,-4511.864048770532
2026-03-26,0.0
2026-03-27,8644.195667695987
2026-03-28,0.0
2026-03-29,0.0
2026-03-30,1272.4440983159077
2026-03-31,0.0
2026-04-01,92.70406667369036
2026-04-02,5751.893325117678
2026-04-03,0.0
2026-04-04,0.0
2026-04-05,0.0
2026-04-06,4821.036462263608
2026-04-07,5014.708167037452
2026-04-08,-4120.190339221143
2026-04-09,4143.196705877797
2026-04-10,-7304.735440787852
2026-04-11,0.0
2026-04-12,0.0
2026-04-13,-3654.9906490787507
2026-04-14,0.0
2026-04-15,4449.529898698969
2026-04-16,887.2623059731669
2026-04-17,-602.596373824267
2026-04-18,0.0
2026-04-19,0.0
2026-04-20,-2346.6967908301053
2026-04-21,-314.88769451879955
2026-04-22,-4530.23921999599
2026-04-23,-1488.0346157923864
2026-04-24,-10759.02707646409
2026-04-25,0.0
2026-04-26,0.0
2026-04-27,4161.783715403402
2026-04-28,-508.07251411626464
2026-04-29,1590.2203279480063
2026-04-30,4233.612029893805
2026-05-01,0.0
2026-05-02,0.0
2026-05-03,0.0
2026-05-04,-4692.092297573299
2026-05-05,2877.8210384546064
2026-05-06,-2120.048535141054
2026-05-07,-2788.2220512963495
2026-05-08,3949.7983281776937
2026-05-09,0.0
2026-05-10,0.0
2026-05-11,6006.341064568585
